{
  "Side panel/api/v1/articles-818" : {
    "transaction" : "Side panel/api/v1/articles-818",
    "sampleCount" : 1,
    "errorCount" : 0,
    "errorPct" : 0.0,
    "meanResTime" : 1947.0,
    "medianResTime" : 1947.0,
    "minResTime" : 1947.0,
    "maxResTime" : 1947.0,
    "pct1ResTime" : 1947.0,
    "pct2ResTime" : 1947.0,
    "pct3ResTime" : 1947.0,
    "throughput" : 0.5136106831022086,
    "receivedKBytesPerSec" : 2.192876861838726,
    "sentKBytesPerSec" : 0.7047099704673857
  },
  "Side panel/api/v1/news-812" : {
    "transaction" : "Side panel/api/v1/news-812",
    "sampleCount" : 1,
    "errorCount" : 0,
    "errorPct" : 0.0,
    "meanResTime" : 1156.0,
    "medianResTime" : 1156.0,
    "minResTime" : 1156.0,
    "maxResTime" : 1156.0,
    "pct1ResTime" : 1156.0,
    "pct2ResTime" : 1156.0,
    "pct3ResTime" : 1156.0,
    "throughput" : 0.8650519031141869,
    "receivedKBytesPerSec" : 5.260427930363322,
    "sentKBytesPerSec" : 1.1488970588235294
  },
  "Total" : {
    "transaction" : "Total",
    "sampleCount" : 6,
    "errorCount" : 0,
    "errorPct" : 0.0,
    "meanResTime" : 932.1666666666666,
    "medianResTime" : 769.5,
    "minResTime" : 115.0,
    "maxResTime" : 1947.0,
    "pct1ResTime" : 1947.0,
    "pct2ResTime" : 1947.0,
    "pct3ResTime" : 1947.0,
    "throughput" : 1.0714285714285714,
    "receivedKBytesPerSec" : 7.168317522321429,
    "sentKBytesPerSec" : 1.4882114955357144
  },
  "Side panel/api/v1/articles-820" : {
    "transaction" : "Side panel/api/v1/articles-820",
    "sampleCount" : 1,
    "errorCount" : 0,
    "errorPct" : 0.0,
    "meanResTime" : 383.0,
    "medianResTime" : 383.0,
    "minResTime" : 383.0,
    "maxResTime" : 383.0,
    "pct1ResTime" : 383.0,
    "pct2ResTime" : 383.0,
    "pct3ResTime" : 383.0,
    "throughput" : 2.6109660574412534,
    "receivedKBytesPerSec" : 25.38297568537859,
    "sentKBytesPerSec" : 3.9291979438642297
  },
  "Side panel/api/v1/articles-813" : {
    "transaction" : "Side panel/api/v1/articles-813",
    "sampleCount" : 1,
    "errorCount" : 0,
    "errorPct" : 0.0,
    "meanResTime" : 115.0,
    "medianResTime" : 115.0,
    "minResTime" : 115.0,
    "maxResTime" : 115.0,
    "pct1ResTime" : 115.0,
    "pct2ResTime" : 115.0,
    "pct3ResTime" : 115.0,
    "throughput" : 8.695652173913043,
    "receivedKBytesPerSec" : 37.07540760869565,
    "sentKBytesPerSec" : 11.931046195652174
  },
  "Side panel/api/v1/articles-814" : {
    "transaction" : "Side panel/api/v1/articles-814",
    "sampleCount" : 1,
    "errorCount" : 0,
    "errorPct" : 0.0,
    "meanResTime" : 1875.0,
    "medianResTime" : 1875.0,
    "minResTime" : 1875.0,
    "maxResTime" : 1875.0,
    "pct1ResTime" : 1875.0,
    "pct2ResTime" : 1875.0,
    "pct3ResTime" : 1875.0,
    "throughput" : 0.5333333333333333,
    "receivedKBytesPerSec" : 5.1875,
    "sentKBytesPerSec" : 0.7619791666666667
  },
  "Side panel/api/v1/news-819" : {
    "transaction" : "Side panel/api/v1/news-819",
    "sampleCount" : 1,
    "errorCount" : 0,
    "errorPct" : 0.0,
    "meanResTime" : 117.0,
    "medianResTime" : 117.0,
    "minResTime" : 117.0,
    "maxResTime" : 117.0,
    "pct1ResTime" : 117.0,
    "pct2ResTime" : 117.0,
    "pct3ResTime" : 117.0,
    "throughput" : 8.547008547008549,
    "receivedKBytesPerSec" : 51.9664797008547,
    "sentKBytesPerSec" : 11.351495726495726
  }
}