{
  "Side panel/api/v1/articles-818" : {
    "transaction" : "Side panel/api/v1/articles-818",
    "sampleCount" : 1,
    "errorCount" : 0,
    "errorPct" : 0.0,
    "meanResTime" : 1511.0,
    "medianResTime" : 1511.0,
    "minResTime" : 1511.0,
    "maxResTime" : 1511.0,
    "pct1ResTime" : 1511.0,
    "pct2ResTime" : 1511.0,
    "pct3ResTime" : 1511.0,
    "throughput" : 0.6618133686300464,
    "receivedKBytesPerSec" : 2.5897325860357383,
    "sentKBytesPerSec" : 0.8957747352746526
  },
  "Side panel/api/v1/news-812" : {
    "transaction" : "Side panel/api/v1/news-812",
    "sampleCount" : 1,
    "errorCount" : 0,
    "errorPct" : 0.0,
    "meanResTime" : 1191.0,
    "medianResTime" : 1191.0,
    "minResTime" : 1191.0,
    "maxResTime" : 1191.0,
    "pct1ResTime" : 1191.0,
    "pct2ResTime" : 1191.0,
    "pct3ResTime" : 1191.0,
    "throughput" : 0.8396305625524769,
    "receivedKBytesPerSec" : 3.449536891267842,
    "sentKBytesPerSec" : 1.0995552581863979
  },
  "Total" : {
    "transaction" : "Total",
    "sampleCount" : 6,
    "errorCount" : 0,
    "errorPct" : 0.0,
    "meanResTime" : 918.1666666666666,
    "medianResTime" : 661.0,
    "minResTime" : 127.0,
    "maxResTime" : 2420.0,
    "pct1ResTime" : 2420.0,
    "pct2ResTime" : 2420.0,
    "pct3ResTime" : 2420.0,
    "throughput" : 1.088139281828074,
    "receivedKBytesPerSec" : 6.4935915963910045,
    "sentKBytesPerSec" : 1.491232544432354
  },
  "Side panel/api/v1/articles-820" : {
    "transaction" : "Side panel/api/v1/articles-820",
    "sampleCount" : 1,
    "errorCount" : 0,
    "errorPct" : 0.0,
    "meanResTime" : 129.0,
    "medianResTime" : 129.0,
    "minResTime" : 129.0,
    "maxResTime" : 129.0,
    "pct1ResTime" : 129.0,
    "pct2ResTime" : 129.0,
    "pct3ResTime" : 129.0,
    "throughput" : 7.751937984496124,
    "receivedKBytesPerSec" : 76.59580910852713,
    "sentKBytesPerSec" : 11.521923449612403
  },
  "Side panel/api/v1/articles-813" : {
    "transaction" : "Side panel/api/v1/articles-813",
    "sampleCount" : 1,
    "errorCount" : 0,
    "errorPct" : 0.0,
    "meanResTime" : 131.0,
    "medianResTime" : 131.0,
    "minResTime" : 131.0,
    "maxResTime" : 131.0,
    "pct1ResTime" : 131.0,
    "pct2ResTime" : 131.0,
    "pct3ResTime" : 131.0,
    "throughput" : 7.633587786259541,
    "receivedKBytesPerSec" : 29.885794370229007,
    "sentKBytesPerSec" : 10.33218034351145
  },
  "Side panel/api/v1/articles-814" : {
    "transaction" : "Side panel/api/v1/articles-814",
    "sampleCount" : 1,
    "errorCount" : 0,
    "errorPct" : 0.0,
    "meanResTime" : 2420.0,
    "medianResTime" : 2420.0,
    "minResTime" : 2420.0,
    "maxResTime" : 2420.0,
    "pct1ResTime" : 2420.0,
    "pct2ResTime" : 2420.0,
    "pct3ResTime" : 2420.0,
    "throughput" : 0.4132231404958678,
    "receivedKBytesPerSec" : 4.08501743285124,
    "sentKBytesPerSec" : 0.5827091942148761
  },
  "Side panel/api/v1/news-819" : {
    "transaction" : "Side panel/api/v1/news-819",
    "sampleCount" : 1,
    "errorCount" : 0,
    "errorPct" : 0.0,
    "meanResTime" : 127.0,
    "medianResTime" : 127.0,
    "minResTime" : 127.0,
    "maxResTime" : 127.0,
    "pct1ResTime" : 127.0,
    "pct2ResTime" : 127.0,
    "pct3ResTime" : 127.0,
    "throughput" : 7.874015748031496,
    "receivedKBytesPerSec" : 32.30345718503937,
    "sentKBytesPerSec" : 10.311577263779528
  }
}