{
  "Side panel/api/v1/articles-818" : {
    "transaction" : "Side panel/api/v1/articles-818",
    "sampleCount" : 1,
    "errorCount" : 0,
    "errorPct" : 0.0,
    "meanResTime" : 3510.0,
    "medianResTime" : 3510.0,
    "minResTime" : 3510.0,
    "maxResTime" : 3510.0,
    "pct1ResTime" : 3510.0,
    "pct2ResTime" : 3510.0,
    "pct3ResTime" : 3510.0,
    "throughput" : 0.2849002849002849,
    "receivedKBytesPerSec" : 1.2158342236467237,
    "sentKBytesPerSec" : 0.39090322293447294
  },
  "Side panel/api/v1/news-812" : {
    "transaction" : "Side panel/api/v1/news-812",
    "sampleCount" : 1,
    "errorCount" : 0,
    "errorPct" : 0.0,
    "meanResTime" : 1218.0,
    "medianResTime" : 1218.0,
    "minResTime" : 1218.0,
    "maxResTime" : 1218.0,
    "pct1ResTime" : 1218.0,
    "pct2ResTime" : 1218.0,
    "pct3ResTime" : 1218.0,
    "throughput" : 0.8210180623973727,
    "receivedKBytesPerSec" : 3.8966286945812807,
    "sentKBytesPerSec" : 1.0904146141215108
  },
  "Total" : {
    "transaction" : "Total",
    "sampleCount" : 6,
    "errorCount" : 0,
    "errorPct" : 0.0,
    "meanResTime" : 1666.6666666666665,
    "medianResTime" : 788.0,
    "minResTime" : 117.0,
    "maxResTime" : 4670.0,
    "pct1ResTime" : 4670.0,
    "pct2ResTime" : 4670.0,
    "pct3ResTime" : 4670.0,
    "throughput" : 0.5996402158704777,
    "receivedKBytesPerSec" : 3.7598534629222464,
    "sentKBytesPerSec" : 0.8328986982810314
  },
  "Side panel/api/v1/articles-820" : {
    "transaction" : "Side panel/api/v1/articles-820",
    "sampleCount" : 1,
    "errorCount" : 0,
    "errorPct" : 0.0,
    "meanResTime" : 358.0,
    "medianResTime" : 358.0,
    "minResTime" : 358.0,
    "maxResTime" : 358.0,
    "pct1ResTime" : 358.0,
    "pct2ResTime" : 358.0,
    "pct3ResTime" : 358.0,
    "throughput" : 2.793296089385475,
    "receivedKBytesPerSec" : 27.384667423184357,
    "sentKBytesPerSec" : 4.203583275139665
  },
  "Side panel/api/v1/articles-813" : {
    "transaction" : "Side panel/api/v1/articles-813",
    "sampleCount" : 1,
    "errorCount" : 0,
    "errorPct" : 0.0,
    "meanResTime" : 127.0,
    "medianResTime" : 127.0,
    "minResTime" : 127.0,
    "maxResTime" : 127.0,
    "pct1ResTime" : 127.0,
    "pct2ResTime" : 127.0,
    "pct3ResTime" : 127.0,
    "throughput" : 7.874015748031496,
    "receivedKBytesPerSec" : 33.556840551181104,
    "sentKBytesPerSec" : 10.803703248031496
  },
  "Side panel/api/v1/articles-814" : {
    "transaction" : "Side panel/api/v1/articles-814",
    "sampleCount" : 1,
    "errorCount" : 0,
    "errorPct" : 0.0,
    "meanResTime" : 4670.0,
    "medianResTime" : 4670.0,
    "minResTime" : 4670.0,
    "maxResTime" : 4670.0,
    "pct1ResTime" : 4670.0,
    "pct2ResTime" : 4670.0,
    "pct3ResTime" : 4670.0,
    "throughput" : 0.2141327623126338,
    "receivedKBytesPerSec" : 2.098877475910064,
    "sentKBytesPerSec" : 0.30593381959314775
  },
  "Side panel/api/v1/news-819" : {
    "transaction" : "Side panel/api/v1/news-819",
    "sampleCount" : 1,
    "errorCount" : 0,
    "errorPct" : 0.0,
    "meanResTime" : 117.0,
    "medianResTime" : 117.0,
    "minResTime" : 117.0,
    "maxResTime" : 117.0,
    "pct1ResTime" : 117.0,
    "pct2ResTime" : 117.0,
    "pct3ResTime" : 117.0,
    "throughput" : 8.547008547008549,
    "receivedKBytesPerSec" : 40.514823717948715,
    "sentKBytesPerSec" : 11.351495726495726
  }
}