{
  "Side panel/api/v1/articles-818" : {
    "transaction" : "Side panel/api/v1/articles-818",
    "sampleCount" : 1,
    "errorCount" : 0,
    "errorPct" : 0.0,
    "meanResTime" : 1839.0,
    "medianResTime" : 1839.0,
    "minResTime" : 1839.0,
    "maxResTime" : 1839.0,
    "pct1ResTime" : 1839.0,
    "pct2ResTime" : 1839.0,
    "pct3ResTime" : 1839.0,
    "throughput" : 0.543773790103317,
    "receivedKBytesPerSec" : 2.1278335712343663,
    "sentKBytesPerSec" : 0.7460958741163676
  },
  "Side panel/api/v1/news-812" : {
    "transaction" : "Side panel/api/v1/news-812",
    "sampleCount" : 1,
    "errorCount" : 0,
    "errorPct" : 0.0,
    "meanResTime" : 1433.0,
    "medianResTime" : 1433.0,
    "minResTime" : 1433.0,
    "maxResTime" : 1433.0,
    "pct1ResTime" : 1433.0,
    "pct2ResTime" : 1433.0,
    "pct3ResTime" : 1433.0,
    "throughput" : 0.6978367062107467,
    "receivedKBytesPerSec" : 2.8669912334263783,
    "sentKBytesPerSec" : 0.9268143754361479
  },
  "Total" : {
    "transaction" : "Total",
    "sampleCount" : 6,
    "errorCount" : 0,
    "errorPct" : 0.0,
    "meanResTime" : 1017.8333333333334,
    "medianResTime" : 936.0,
    "minResTime" : 115.0,
    "maxResTime" : 2141.0,
    "pct1ResTime" : 2141.0,
    "pct2ResTime" : 2141.0,
    "pct3ResTime" : 2141.0,
    "throughput" : 0.9815148045149681,
    "receivedKBytesPerSec" : 5.857298227138884,
    "sentKBytesPerSec" : 1.363321507443154
  },
  "Side panel/api/v1/articles-820" : {
    "transaction" : "Side panel/api/v1/articles-820",
    "sampleCount" : 1,
    "errorCount" : 0,
    "errorPct" : 0.0,
    "meanResTime" : 439.0,
    "medianResTime" : 439.0,
    "minResTime" : 439.0,
    "maxResTime" : 439.0,
    "pct1ResTime" : 439.0,
    "pct2ResTime" : 439.0,
    "pct3ResTime" : 439.0,
    "throughput" : 2.277904328018223,
    "receivedKBytesPerSec" : 22.507652334851937,
    "sentKBytesPerSec" : 3.4279790717539864
  },
  "Side panel/api/v1/articles-813" : {
    "transaction" : "Side panel/api/v1/articles-813",
    "sampleCount" : 1,
    "errorCount" : 0,
    "errorPct" : 0.0,
    "meanResTime" : 140.0,
    "medianResTime" : 140.0,
    "minResTime" : 140.0,
    "maxResTime" : 140.0,
    "pct1ResTime" : 140.0,
    "pct2ResTime" : 140.0,
    "pct3ResTime" : 140.0,
    "throughput" : 7.142857142857142,
    "receivedKBytesPerSec" : 27.908761160714285,
    "sentKBytesPerSec" : 9.800502232142856
  },
  "Side panel/api/v1/articles-814" : {
    "transaction" : "Side panel/api/v1/articles-814",
    "sampleCount" : 1,
    "errorCount" : 0,
    "errorPct" : 0.0,
    "meanResTime" : 2141.0,
    "medianResTime" : 2141.0,
    "minResTime" : 2141.0,
    "maxResTime" : 2141.0,
    "pct1ResTime" : 2141.0,
    "pct2ResTime" : 2141.0,
    "pct3ResTime" : 2141.0,
    "throughput" : 0.4670714619336758,
    "receivedKBytesPerSec" : 4.6173480558150395,
    "sentKBytesPerSec" : 0.6673101062587576
  },
  "Side panel/api/v1/news-819" : {
    "transaction" : "Side panel/api/v1/news-819",
    "sampleCount" : 1,
    "errorCount" : 0,
    "errorPct" : 0.0,
    "meanResTime" : 115.0,
    "medianResTime" : 115.0,
    "minResTime" : 115.0,
    "maxResTime" : 115.0,
    "pct1ResTime" : 115.0,
    "pct2ResTime" : 115.0,
    "pct3ResTime" : 115.0,
    "throughput" : 8.695652173913043,
    "receivedKBytesPerSec" : 35.7421875,
    "sentKBytesPerSec" : 11.54891304347826
  }
}