{
  "Side panel/api/v1/articles-818" : {
    "transaction" : "Side panel/api/v1/articles-818",
    "sampleCount" : 1,
    "errorCount" : 0,
    "errorPct" : 0.0,
    "meanResTime" : 10130.0,
    "medianResTime" : 10130.0,
    "minResTime" : 10130.0,
    "maxResTime" : 10130.0,
    "pct1ResTime" : 10130.0,
    "pct2ResTime" : 10130.0,
    "pct3ResTime" : 10130.0,
    "throughput" : 0.09871668311944717,
    "receivedKBytesPerSec" : 0.4226307996051332,
    "sentKBytesPerSec" : 0.13544623025666336
  },
  "Side panel/api/v1/news-812" : {
    "transaction" : "Side panel/api/v1/news-812",
    "sampleCount" : 1,
    "errorCount" : 0,
    "errorPct" : 0.0,
    "meanResTime" : 1183.0,
    "medianResTime" : 1183.0,
    "minResTime" : 1183.0,
    "maxResTime" : 1183.0,
    "pct1ResTime" : 1183.0,
    "pct2ResTime" : 1183.0,
    "pct3ResTime" : 1183.0,
    "throughput" : 0.8453085376162299,
    "receivedKBytesPerSec" : 4.631861527895182,
    "sentKBytesPerSec" : 1.1226754015215554
  },
  "Total" : {
    "transaction" : "Total",
    "sampleCount" : 6,
    "errorCount" : 0,
    "errorPct" : 0.0,
    "meanResTime" : 2588.0,
    "medianResTime" : 1227.0,
    "minResTime" : 109.0,
    "maxResTime" : 10130.0,
    "pct1ResTime" : 10130.0,
    "pct2ResTime" : 10130.0,
    "pct3ResTime" : 10130.0,
    "throughput" : 0.38622465400708084,
    "receivedKBytesPerSec" : 2.5250442549082717,
    "sentKBytesPerSec" : 0.5364650386224654
  },
  "Side panel/api/v1/articles-820" : {
    "transaction" : "Side panel/api/v1/articles-820",
    "sampleCount" : 1,
    "errorCount" : 0,
    "errorPct" : 0.0,
    "meanResTime" : 126.0,
    "medianResTime" : 126.0,
    "minResTime" : 126.0,
    "maxResTime" : 126.0,
    "pct1ResTime" : 126.0,
    "pct2ResTime" : 126.0,
    "pct3ResTime" : 126.0,
    "throughput" : 7.936507936507936,
    "receivedKBytesPerSec" : 78.24900793650794,
    "sentKBytesPerSec" : 11.943514384920634
  },
  "Side panel/api/v1/articles-813" : {
    "transaction" : "Side panel/api/v1/articles-813",
    "sampleCount" : 1,
    "errorCount" : 0,
    "errorPct" : 0.0,
    "meanResTime" : 2709.0,
    "medianResTime" : 2709.0,
    "minResTime" : 2709.0,
    "maxResTime" : 2709.0,
    "pct1ResTime" : 2709.0,
    "pct2ResTime" : 2709.0,
    "pct3ResTime" : 2709.0,
    "throughput" : 0.36913990402362495,
    "receivedKBytesPerSec" : 1.5756938676633443,
    "sentKBytesPerSec" : 0.5064859034699151
  },
  "Side panel/api/v1/articles-814" : {
    "transaction" : "Side panel/api/v1/articles-814",
    "sampleCount" : 1,
    "errorCount" : 0,
    "errorPct" : 0.0,
    "meanResTime" : 1271.0,
    "medianResTime" : 1271.0,
    "minResTime" : 1271.0,
    "maxResTime" : 1271.0,
    "pct1ResTime" : 1271.0,
    "pct2ResTime" : 1271.0,
    "pct3ResTime" : 1271.0,
    "throughput" : 0.7867820613690008,
    "receivedKBytesPerSec" : 7.761021095594021,
    "sentKBytesPerSec" : 1.1240841365066878
  },
  "Side panel/api/v1/news-819" : {
    "transaction" : "Side panel/api/v1/news-819",
    "sampleCount" : 1,
    "errorCount" : 0,
    "errorPct" : 0.0,
    "meanResTime" : 109.0,
    "medianResTime" : 109.0,
    "minResTime" : 109.0,
    "maxResTime" : 109.0,
    "pct1ResTime" : 109.0,
    "pct2ResTime" : 109.0,
    "pct3ResTime" : 109.0,
    "throughput" : 9.174311926605505,
    "receivedKBytesPerSec" : 50.21681479357798,
    "sentKBytesPerSec" : 12.184633027522937
  }
}